http://00272781hubpointmicrosoft.myportfolio.com,2
00000000883838383992929292222.ratingandreviews.in,2
00272781hubpointmicrosoft.myportfolio.com,2
00272781hubpointmicrosoft.myportfolio.com,2
microsoft-alerts.com,2,external
http://00272781hubpointmicrosoft.myportfolio.com,2
http://00272781hubpointmicrosoft.myportfolio.com,2
https://2no.co/2tY0C7,2
https://2no.co/2tY0C7,2
2no.co,2,external
http://dawnsdailybread.com.ru/dhlshipping/delivery/error.php?email=,2
http://dawnsdailybread.com.ru/dhlshipping/delivery/error.php?email=,2
dawnsdailybread.com.ru,2,external
http://dawn-vigorous-approach.glitch.me/fcewrgf.html,2
http://dawn-vigorous-approach.glitch.me/fcewrgf.html,2
dawn-vigorous-approach.glitch.me,2,external
http://dawn-vigorous-approach.glitch.me/fcewrgf.html,2
http://dawn-vigorous-approach.glitch.me/fcewrgf.html,2
http://dawq.telegrc.cc,2
http://dawq.telegrc.cc,2
dawq.telegrc.cc,2,external
